analysis_type,period,trend,p_value,sens_slope_per_year,percent_change_per_year,total_change,significance
Annual Melt Season,2010-2024,decreasing,0.0008364083878716816,-0.005283372456281738,-1.265878851687516,-0.06791062243560297,significant
June Only,2010-2024,no_trend,0.3794503959627968,-0.0035677255161305904,-0.6881236885880423,-0.02270114813889551,not significant
July Only,2010-2024,decreasing,0.027495265215751328,-0.0047222766931162745,-1.1827623177867883,-0.05746083670713387,significant
August Only,2010-2024,decreasing,0.008269998948239689,-0.005750519688878741,-1.6809022807192626,-0.08069880333690133,significant
September Only,2010-2024,decreasing,0.020790615322361355,-0.007682028774092964,-1.758168643052624,-0.11284861874843022,significant
