analysis_type,period,trend,p_value,sens_slope_per_year,percent_change_per_year,total_change,significance,qa_advanced,qa_level,qa_description
Annual Melt Season,2010-2024,decreasing,0.020790615322361355,-0.0038316249424339005,-0.886914883646021,-0.026897569819318012,significant,True,cqa0f0123456,"Advanced QA, cqa0f0123456 level"
June Only,2010-2024,no_trend,0.3794503959627968,-0.0034139614613246383,-0.5906226191588629,0.04068044612087662,not significant,True,cqa0f0123456,"Advanced QA, cqa0f0123456 level"
July Only,2010-2024,no_trend,0.4950508526248027,-0.0030439663453214333,-0.7564547967262135,-0.015964669459885505,not significant,True,cqa0f0123456,"Advanced QA, cqa0f0123456 level"
August Only,2010-2024,no_trend,0.16857787367749338,-0.0032224599358545397,-1.0212186032487545,-0.026277725726978785,not significant,True,cqa0f0123456,"Advanced QA, cqa0f0123456 level"
September Only,2010-2024,no_trend,0.13946285911906778,-0.006892144456499855,-1.4749498770215892,-0.10776645807714241,not significant,True,cqa0f0123456,"Advanced QA, cqa0f0123456 level"
